title,price,reivew,availability
Apple iPhone 11 (64GB) - Black,Page 1 of 1,Previous page,Currently unavailable.
Apple iPhone 13 Mini (256GB) - (Product) RED,"₹65,900.00",4.5 out of 5 stars,In stock.
Apple iPhone 14 Pro 256GB Space Black,"₹1,39,900.00",4.6 out of 5 stars,
Apple iPhone 12 (64GB) - (Product) RED,"₹49,900.00",4.5 out of 5 stars,Only 1 left in stock.
Apple iPhone 14 Plus 256GB Purple,"₹97,530.00",4.7 out of 5 stars,In stock.
Atill iPhone Charger 3Pack 10FT iPhone Charger Cable Nylon Braided Charging Cord Compatible iPhone XR XS XSMax X 8 8 Plus 7 7 Plus 6 6s Plus SE 5 5s 5c iPad iPod (Blue),"₹3,525.00",4.4 out of 5 stars,Usually dispatched in 8 to 9 days.
KLOKOL Bluetooth Headphones Neckband V5.0 Wireless Headset Sport Earbuds w/Mic Cordless Noise Canceling Earphones 10Hrs Playtime for Gym Running Compatible with iPhone Samsung Android - Pink,"₹3,299.12",4.2 out of 5 stars,Usually dispatched in 7 to 8 days.
StillerSafe Brand - iPad 9.7 Zero Eye Strain 5D ALCS Tempered Glass With Eye Protection And SuperLite Privacy Feature. Keep Your Eyes Safe & Cool.,"₹1,599.00",5.0 out of 5 stars,In stock.
StillerSafe Brand ZERO EYE STRAIN Tempered Glass for iPhone 11 Pro Max 5D Glass with Eye Protection Feature and Superlite Privacy Feature. Keep Your Eyes Safe & Cool.,₹425.00,4.0 out of 5 stars,In stock.
STENES Bling Wallet Case Compatible for iPhone 5/iPhone 5S/iPhone SE - STYLISH - 3D Handmade Crystal Bowknot Key Rose Bag Crown Magnetic Wallet Design Leather Cover Case - Pink,"₹5,088.00",4.2 out of 5 stars,Usually dispatched in 6 to 7 days.
STENES iPhone 8 Plus Case - 3D Handmade Luxury Eiffel Tower Tie Pearl Bear Butterfly Sparkle Rhinestone Cover Bling Case For iPhone 7 Plus/iPhone 8 Plus With Screen Protector & Retro Dust Plug,"₹3,928.00",4.5 out of 5 stars,Usually dispatched in 6 to 7 days.
Wcysin 3D Camera Case for iPhone X iPhone XS Camera Case for iPhone XS MAX Camera Design Case for iPhone 7 Plus iPhone 8 Plus iPhone 7 iPhone 8 with Long Neck Strap (iPhone XS MAX),"₹3,714.91",4.2 out of 5 stars,Usually dispatched in 13 to 14 days.
"Phone Charger Cable,Lightning Cable 3Pack 3FT Phone Charging Cable Cord Compatible with Phone X 8 8Plus 7 7Plus 6s 6sPlus 6 6Plus SE 5 5s 5c","₹2,137.00",4.4 out of 5 stars,Usually dispatched in 8 to 9 days.
Apple iPhone 13 Pro (128GB) - Graphite,"₹1,05,900.00",4.7 out of 5 stars,In stock.
Apple iPhone 14 128GB (Product) RED,"₹77,490.00",4.4 out of 5 stars,In stock.
Apple iPhone 14 256GB Midnight,"₹87,530.00",4.4 out of 5 stars,In stock.
Apple iPhone 13 Mini (256GB) - (Product) RED,"₹65,900.00",4.5 out of 5 stars,In stock.
Apple iPhone 14 Plus 128GB Blue,"₹87,490.00",4.7 out of 5 stars,Only 1 left in stock.
Apple iPhone 14 Plus 128GB Starlight,"₹87,490.00",4.7 out of 5 stars,Only 2 left in stock.
Apple iPhone 14 Pro Max 128GB Space Black,"₹1,39,900.00",4.6 out of 5 stars,In stock.
Apple iPhone 13 Pro (128GB) - Gold,"₹1,05,900.00",4.7 out of 5 stars,Only 1 left in stock.
Apple iPhone 14 Pro 128GB Silver,"₹1,29,900.00",4.6 out of 5 stars,In stock.
Apple iPhone 12 (64GB) - White,Page 1 of 1,4.5 out of 5 stars,Currently unavailable.
Apple iPhone 5S 16GB Gold,"₹11,499.00",4.0 out of 5 stars,In stock.
Apple iPhone 12 Mini (128GB) - White,"₹54,899.00",4.5 out of 5 stars,Only 1 left in stock.
Apple iPhone 14 Pro Max 128GB Deep Purple,"₹1,39,900.00",4.6 out of 5 stars,Only 2 left in stock.
"iQOO Neo 6 5G (Dark Nova, 8GB RAM, 128GB Storage) | Snapdragon® 870 5G | 80W FlashCharge","₹29,999.00",4.4 out of 5 stars,In stock.
Apple iPhone 14 Plus 128GB Purple,"₹87,490.00",4.7 out of 5 stars,
Apple iPhone 13 Pro (256 GB) - Alpine Green,"₹1,15,900.00",4.7 out of 5 stars,Only 2 left in stock.
Apple iPhone 14 Pro 1TB Silver,"₹1,79,900.00",4.6 out of 5 stars,In stock.
"Apple 5S (Space Grey, 16GB) iPhone","₹11,499.00",Previous page,In stock.
Apple iPhone 13 (256GB) - Pink,"₹75,900.00",4.6 out of 5 stars,Available to ship in 1-2 days.
Apple iPhone 13 Pro (128 GB) - Alpine Green,"₹1,05,900.00",4.7 out of 5 stars,In stock.
Apple iPhone 14 512GB Blue,"₹1,07,530.00",4.4 out of 5 stars,In stock.
"Apple iPhone 5S (Space Grey, 16GB)","₹11,499.00",Previous page of related Sponsored Products,In stock.
"Apple iPhone 5S (Gold, 16GB)","₹11,499.00",Previous page of related Sponsored Products,In stock.
Apple iPhone 13 Pro (1TB) - Sierra Blue,"₹1,45,900.00",4.7 out of 5 stars,Only 1 left in stock.
"Apple iPhone 5S (Silver, 16GB)","₹11,499.00",Previous page,In stock.
"Apple 5S (Silver, 16GB) iPhone","₹11,499.00",Previous page of related Sponsored Products,In stock.
Apple iPhone 14 Plus 512GB Starlight,"₹1,19,900.00",4.7 out of 5 stars,In stock.
Apple iPhone 5s (16GB) - Silver,"₹11,499.00",Previous page of related Sponsored Products,In stock.
Apple iPhone 13 Pro (256GB) - Graphite,"₹1,15,900.00",4.7 out of 5 stars,Only 1 left in stock.
"OnePlus Nord CE 2 Lite 5G (Black Dusk, 6GB RAM, 128GB Storage)","₹18,999.00",4.3 out of 5 stars,In stock.
Apple iPhone 13 Pro Max (512GB) - Gold,"₹1,43,699.00",4.6 out of 5 stars,
"Apple 5S (Space Grey, 16GB) iPhone","₹11,499.00",Previous page of related Sponsored Products,In stock.
Apple iPhone 13 Mini (512GB) - (Product) RED,"₹79,990.00",4.5 out of 5 stars,In stock.
New Apple iPhone 12 Mini (128GB) - White with AirPods with Charging Case,"₹66,898.00",Previous page,
Apple iPhone 14 Pro 512GB Space Black,"₹1,59,900.00",4.6 out of 5 stars,In stock.
Apple iPhone 13 Pro (1TB) - Sierra Blue,"₹1,45,900.00",4.7 out of 5 stars,Only 1 left in stock.
"Apple iPhone 5S (Gold, 16GB)","₹11,499.00",Previous page of related Sponsored Products,In stock.
Apple iPhone 13 Mini (512GB) - Pink,"₹79,990.00",4.5 out of 5 stars,In stock.
Apple iPhone 13 Pro (1TB) - Silver,"₹1,45,900.00",4.7 out of 5 stars,Only 1 left in stock.
Apple iPhone 14 512GB Starlight,"₹1,07,560.00",4.4 out of 5 stars,In stock.
Apple iPhone 14 Pro 512GB Silver,"₹1,59,900.00",4.6 out of 5 stars,
Apple iPhone 14 Plus 512GB Starlight,"₹1,19,900.00",4.7 out of 5 stars,In stock.
Apple iPhone 14 Pro 1TB Gold,"₹1,79,900.00",4.6 out of 5 stars,In stock.
Apple iPhone 14 512GB (Product) RED,"₹1,09,900.00",4.4 out of 5 stars,In stock.
Apple iPhone 13 (512GB) - (Product) RED,"₹83,999.00",4.6 out of 5 stars,Available to ship in 1-2 days.
Apple iPhone 14 256GB Purple,"₹87,490.00",4.4 out of 5 stars,In stock.
Apple iPhone 14 512GB Starlight,"₹1,07,560.00",4.4 out of 5 stars,In stock.
Apple iPhone 14 512GB Blue,"₹1,07,530.00",4.4 out of 5 stars,In stock.
Apple iPhone 14 Plus 512GB Starlight,"₹1,19,900.00",4.7 out of 5 stars,In stock.
Apple iPhone 14 512GB Midnight,"₹1,07,560.00",4.4 out of 5 stars,In stock.
Apple iPhone 14 512GB Purple,"₹1,07,560.00",4.4 out of 5 stars,In stock.
Apple iPhone 13 (512GB) - (Product) RED,"₹83,999.00",4.6 out of 5 stars,Available to ship in 1-2 days.
Apple iPhone 14 Plus 512GB (Product) RED,"₹1,19,900.00",4.7 out of 5 stars,In stock.
Apple iPhone 13 Pro (1TB) - Silver,"₹1,45,900.00",4.7 out of 5 stars,Only 1 left in stock.
Apple iPhone 14 Plus 512GB Blue,"₹1,19,900.00",4.7 out of 5 stars,
Apple iPhone 13 Mini (512GB) - Pink,"₹79,990.00",4.5 out of 5 stars,In stock.
Apple iPhone 14 256GB Purple,"₹87,490.00",4.4 out of 5 stars,In stock.
Apple iPhone 14 Plus 128GB (Product) RED,"₹87,490.00",4.7 out of 5 stars,Only 1 left in stock.
Apple iPhone 14 Pro 512GB Space Black,"₹1,59,900.00",4.6 out of 5 stars,In stock.
Apple iPhone 13 Pro (1TB) - Sierra Blue,"₹1,45,900.00",4.7 out of 5 stars,Only 1 left in stock.
Apple iPhone 14 Pro Max 128GB Silver,"₹1,39,900.00",4.6 out of 5 stars,Available to ship in 1-2 days.
Apple iPhone 14 Plus 256GB Starlight,"₹97,490.00",4.7 out of 5 stars,In stock.
Apple iPhone 13 Pro (256 GB) - Alpine Green,"₹1,15,900.00",4.7 out of 5 stars,Only 2 left in stock.
Apple iPhone 14 Plus 256GB Midnight,"₹97,490.00",4.7 out of 5 stars,In stock.
"Nillkin iPhone 12 Case/iPhone 12 Pro Case | Camshield Armor | Slide Camera Cover | Ring Kickstand | Impact Resistant Bumpers | Drop-Proof Protective Case for iPhone 12/12 Pro 6.1"" 2020 - Black","₹1,620.00",3.4 out of 5 stars,In stock.
"Samsung Galaxy S20 FE 5G (Cloud Mint, 8GB RAM, 128GB Storage)","₹32,990.00",4.2 out of 5 stars,In stock.
New Apple iPhone 12 Mini (128GB) - White with AirPods with Charging Case,"₹66,898.00",,
"Nillkin CamShield Magnetic Case Compatible with iPhone 14 Plus Case, Protective Cover Case with Camera Protector for 14 Plus Hard PC and TPU Anti-Scratch Slim Phone Case for iPhone 14 Plus 6.7'' Black","₹2,999.00",1.0 out of 5 stars,Only 2 left in stock.
"Nillkin Compatible for iPhone 12 Mini Case, Cyclops Case with 2-in-1 Camera Cover & Kickstand, PC & TPU Impact-Resistant Bumpers Protective Case for iPhone 12 Mini 5.4 inch (2020) - Black","₹2,399.00",3.5 out of 5 stars,In stock.
"Nillkin Case for Apple iPhone 12 / Apple iPhone 12 Pro (6.1"" Inch) Synthetic Aramid Carbon Fiber Tough Waterproof Light Weight Black Color","₹2,499.00",Previous page of related Sponsored Products,Only 1 left in stock.
New Apple iPhone 12 Mini (64GB) - Green with AirPods with Charging Case,"₹71,899.00",Previous page,Only 1 left in stock.
Otterbox Symmetry Series Apple iPhone X Case Sleek Protection(77-57082) Drop And Shock Protection Case (Fine Port),Page 1 of 1,4.7 out of 5 stars,
"for iPhone 11 pro Case, Nillkin CamShield Armor Case with Slide Camera Cover, PC & TPU Impact-Resistant Bumpers Protective Case with Ring Kickstand for iPhone 11 Pro (Black, iPhone 11 pro 6.1'')","₹1,999.00",Previous page of related Sponsored Products,Only 2 left in stock.
"Compatible with iPhone 14 Plus Case 6.7 inch with Camera Cover,Slim Fit Thin Polycarbonate Protective Shockproof Cover with Slide Camera Cover, Upgraded Case for Apple iPhone 14 Plus (Green)","₹1,499.00",Previous page of related Sponsored Products,Only 1 left in stock.
"Nillkin Case for Apple iPhone 12 / iPhone 12 Pro (6.1"" Inch) Super Frosted Shield Pro Hard Back Soft Border (PC + TPU) Shock Absorb Cover Raised Bezel Camera Protect PC with Logo Cut Blue","₹2,199.00",4.7 out of 5 stars,Only 2 left in stock.
"Nillkin Case for Apple iPhone 12 / iPhone 12 Pro (6.1"" Inch) Super Frosted Shield Pro Magnetic Hard Back Soft Border (PC + TPU) Cover Raised Bezel Camera Protect with Logo Cut Black","₹3,899.00",3.9 out of 5 stars,In stock.
Nillkin Thermoplastic Polyurethane Case for Apple iPhone 6 / iPhone 6S (4.7 inches) Super Frosted Hard Back Cover PC with Logo Cut Black Color,"₹1,099.00",3.6 out of 5 stars,In stock.
Apple iPhone X 64GB,"₹2,499.00",Previous page of related Sponsored Products,
"OnePlus Nord CE 2 Lite 5G (Blue Tide, 6GB RAM, 128GB Storage)","₹18,999.00",4.3 out of 5 stars,In stock.
"Nillkin Case for Apple iPhone 12 / Apple iPhone 12 Pro (6.1"" Inch) Cyclops Metal Stand Camera Protect Case Soft TPU Edge + Translucent PC Hard Back Dark Green Color","₹2,999.00",Previous page of related Sponsored Products,Only 1 left in stock.
"Nillkin Case for Apple iPhone 12 Mini (5.4"" Inch) Super Frosted Shield Pro Magnetic Hard Back Soft Border (PC + TPU) Cover Raised Bezel Camera Protect with Logo Cut Blue","₹3,499.00",5.0 out of 5 stars,Only 2 left in stock.
"Nillkin Compatible with iPhone 12 Mini Case Series Case with Slide Camera Cove,[Hard PC and TPU] Protective Case 360° Protect Built Case for iPhone 12 Mini (5.4'' 2020)","₹2,499.00",4.4 out of 5 stars,Only 2 left in stock.
"Nillkin Case for Apple iPhone 14 Pro (6.1"" Inch) CamShield Pro Camera Slider Double Layered Protection TPU + PC Black Color","₹1,225.00",3.3 out of 5 stars,Only 1 left in stock.
"Nillkin Tempered Glass for Apple iPhone 7 / Apple iPhone SE2 SE 2 iPhone SE 2020 3D XD CP+ Max Glass 0.1mm Thin Edge Shatterproof Full Screen Coverage Screen Protect (4.7"" Inch, White Color)","₹2,499.00",Previous page of related Sponsored Products,Only 1 left in stock.
"Nillkin Case for Apple iPhone 12 Mini (5.4"" Inch) CamShield Pro Camera Close & Open Double Layered Protection TPU + PC Black Color","₹1,119.00",Previous page of related Sponsored Products,Only 1 left in stock.
New Apple iPhone 12 Mini (64GB) - Green with AirPods with Charging Case,"₹71,899.00",Previous page,Only 1 left in stock.
"Nillkin Case for Apple iPhone 12 / iPhone 12 Pro (6.1"" Inch) CamShield Silky Soft Liquid Silicon + PC Finish Camera Close & Open Magnetic Works with Magsafe Charger Inside Microfible Lining Pink","₹2,999.00",Previous page,Only 2 left in stock.
"Compatible with iPhone 14 Plus Case 6.7 inch with Camera Cover,Slim Fit Thin Polycarbonate Protective Shockproof Cover with Slide Camera Cover, Upgraded Case for Apple iPhone 14 Plus (Green)","₹1,499.00",Previous page,Only 1 left in stock.
"Nillkin iPhone 12 Case/iPhone 12 Pro Case | Camshield Armor | Slide Camera Cover | Ring Kickstand | Impact Resistant Bumpers | Drop-Proof Protective Case for iPhone 12/12 Pro 6.1"" 2020 - Black","₹1,620.00",3.4 out of 5 stars,In stock.
"Nillkin CamShield iPhone 12 Pro Max Case with Slide Camera Cover and Ring Kickstand, Military Grade Bumper Hard Phone Case for iPhone 12 Pro Max 6.7'' Green","₹2,999.00",3.2 out of 5 stars,Only 2 left in stock.
"Nillkin Case for Apple iPhone Xs Max (6.5"" Inch) Qin Genuine Classic Leather Flip Folio White Color","₹1,099.00",Previous page of related Sponsored Products,Only 1 left in stock.
Ghostek Covert Clear Hybrid Gel Case Ultra-Thin Compatible with iPhone X XS - White,"₹1,699.00",3.9 out of 5 stars,Only 1 left in stock.
"Nillkin Tempered Glass for Apple iPhone 8 / Apple iPhone SE2 SE 2 iPhone SE 2020 (4.7"" Inch) 3D CP+ Max Glass 0.1mm thin Edge Shaterproof Full Screen Coverage Explosion Proof Screen protect Black Color","₹1,499.00",Previous page,Only 2 left in stock.
"Nillkin Designed for iPhone 14 Pro Case Stand, Built in Rotatable Kickstand & Slide Camera Cover Shockproof Hard Plastic Back & Heavy Duty Bumper Protective Phone Case for iPhone 14 Pro 6.1'' Green","₹4,799.00",4.1 out of 5 stars,Only 2 left in stock.
"iQOO Neo 6 5G (Dark Nova, 8GB RAM, 128GB Storage) | Snapdragon® 870 5G | 80W FlashCharge","₹29,999.00",4.4 out of 5 stars,In stock.
"Nillkin Case for Apple iPhone 12 Pro Max (6.7"" Inch) Synthetic Aramid Carbon Fiber Tough Waterproof Light Weight Black Color","₹2,499.00",Previous page of related Sponsored Products,Only 1 left in stock.
"Nillkin Case for iPhone 14 Case with Stand, Slide Camera Cover, Military Grade Shockproof Portective Case Compatible with MagSafe Wireless Charger&Magnetic Car Mount Holder, Black","₹3,799.00",Previous page of related Sponsored Products,Only 1 left in stock.
"for iPhone 11 Pro Max Case, Nillkin CamShield Armor Case with Slide Camera Cover, PC & TPU Impact-Resistant Bumpers Protective Case with Ring Kickstand (Black, iPhone 11 pro Max 6.5'')","₹1,999.00",Previous page of related Sponsored Products,Only 2 left in stock.
"Nillkin Compatible with Case iPhone 12 Pro Max 6.7 inch, with Kickstand Rotatable Slide Camera Protect Cover, Slim Hard PC + TPU Shockproof Protective Case 6.7"" (for iPhone 12 Pro Max(6.7''), Blue)","₹3,499.00",4.7 out of 5 stars,Only 2 left in stock.
"Nillkin Designed for iPhone 14 Plus Case with Camera Cover, Silicone Ultra Slim Shockproof Protective Phone Case, [Microfiber Lining, Slide Camera Protection] 6.7 inch, Black","₹2,499.00",Previous page,Only 1 left in stock.
"Nillkin Shockproof Compatible for iPhone 12 Pro Max Case 6.7 Inch ，Shockproof Full Body Cover Rugged Case Translucent Matte Case Compatible for iPhone 12 Pro Max Protective Case,Green/Clear","₹2,999.00",Previous page,In stock.
"Nillkin Case for Apple iPhone 12 Mini (5.4"" Inch) Synthetic Aramid Carbon Fiber Tough Waterproof Light Weight Black Color","₹2,499.00",Previous page,Only 2 left in stock.
Nillkin Thermoplastic Polyurethane Case for Apple iPhone 6 / iPhone 6S (4.7 inches) Super Frosted Hard Back Cover PC with Logo Cut Black Color,"₹1,099.00",3.6 out of 5 stars,In stock.
"Nillkin Compatible with Case iPhone 12/12 Pro 6.1 inch - Military Grade Case with Kickstand [Vertical or Horizontal Place], PC & TPU Impact-Resistant Bumpers Protective Case, Green","₹1,999.00",3.0 out of 5 stars,Only 2 left in stock.
"Nillkin CamShield Pro Slim Case Compatible with iPhone 14 Case, Protective Cover Case with Camera Protector for 14 Hard PC and TPU Anti-Scratch Phone Case for Phone 14 6.1'' Blue","₹1,499.00",Previous page of related Sponsored Products,Only 2 left in stock.
"OnePlus Nord CE 2 Lite 5G (Blue Tide, 6GB RAM, 128GB Storage)","₹18,999.00",4.3 out of 5 stars,In stock.
"Nillkin Case for iPhone 14 Pro Case with Stand, Slide Camera Cover, Military Grade Shockproof Portective Case Compatible with MagSafe Wireless Charger&Magnetic Car Mount Holder,Blue","₹4,999.00",Previous page,Only 1 left in stock.
"Nillkin Case for Apple iPhone 14 Pro Max (6.7"" Inch) Adventurer Pro Camshield Camera Slider Military Rugged Grade Finish TPU + PC Tough Black","₹1,250.00",5.0 out of 5 stars,In stock.
"CloudValley Magnetic Case for iPhone 14 Pro Case with Slide Camera Cover, [Compatible with MagSafe] Shockproof TPU Bumper Protective Slim Case 6.1 inch 2022 - Black","₹3,999.00",4.0 out of 5 stars,Only 2 left in stock.
"Nillkin iPhone 14 Pro Case Compatible with Magsafe, Silicone Magnetic Case with Slide Camera Cover, Slim CamShield Silky Case for iPhone 14 Pro 6.1 inch, Black","₹3,499.00",3.8 out of 5 stars,Only 2 left in stock.
"Nillkin Tempered Glass for Apple iPhone 7 / Apple iPhone SE2 SE 2 iPhone SE 2020 3D XD CP+ Max Glass 0.1mm Thin Edge Shatterproof Full Screen Coverage Screen Protect (4.7"" Inch, White Color)","₹2,499.00",Previous page of related Sponsored Products,Only 1 left in stock.
"iQOO Neo 6 5G (Dark Nova, 8GB RAM, 128GB Storage) | Snapdragon® 870 5G | 80W FlashCharge","₹29,999.00",4.4 out of 5 stars,In stock.
"Nillkin Tempered Glass for Apple iPhone 7 / Apple iPhone SE2 SE 2 iPhone SE 2020 (4.7"" Inch) 3D CP+ Max Glass 0.1mm Thin Edge Shaterproof Full Screen Coverage Explosion Proof Screen Protect Black Color","₹1,499.00",Previous page of related Sponsored Products,Only 1 left in stock.
"Compatible with iPhone 14 Max Case 6.7 inch with Camera Cover,Slim Fit Thin Polycarbonate Protective Shockproof Cover with Slide Camera Cover, Upgraded Case for Apple iPhone 14 Max (Black)","₹1,499.00",4.0 out of 5 stars,Only 1 left in stock.
"Nillkin Case for Apple iPhone 12 Mini (5.4"" Inch) Medley Case Military Grade Finish (PC + TPU) Built in Stand (Removable) Raised Bezel for Camera Protect Dark Green","₹1,499.00",Previous page,Only 2 left in stock.
"Nillkin Case for Apple iPhone 12 Mini (5.4"" Inch) Cyclops Metal Stand Camera Protect Case Soft TPU Edge + Translucent PC Hard Back Red Color","₹1,119.00",Previous page of related Sponsored Products,
"Nillkin Case for Apple iPhone 12 Mini (5.4"" Inch) Qin Genuine Classic Leather Flip Folio + Card Slot Black Color",₹735.00,2.4 out of 5 stars,Only 2 left in stock.
"Nillkin Case for Apple iPhone SE 2022 / Apple iPhone SE 2 2020/7 / 8 (4.7"" Inch) Ming PU Leather Finish Luxury TPU + PC 360 Coverage with Media Viewing Case Black","₹2,499.00",Previous page of related Sponsored Products,Only 1 left in stock.
"for iPhone 11 Pro Max Case, Nillkin CamShield Pro Series Case with Slide Camera Cover, Slim Stylish Protective case for iPhone 11 Pro Max (Pink)","₹2,899.00",Previous page,Only 1 left in stock.
"Nillkin Case for Apple iPhone 14 Pro (6.1"" Inch) Synthetic Fiber S Camshield Camera Semi Automatic Magnetic Works with Magsafe Charger Aramid Carbon Tough Waterproof Black Color","₹3,999.00",Previous page of related Sponsored Products,Only 1 left in stock.
Nillkin Thermoplastic Polyurethane Case for Apple iPhone 6 / iPhone 6S (4.7 inches) Super Frosted Hard Back Cover PC with Logo Cut Black Color,"₹1,099.00",3.6 out of 5 stars,In stock.
"Samsung Galaxy S20 FE 5G (Cloud Mint, 8GB RAM, 128GB Storage)","₹32,990.00",4.2 out of 5 stars,In stock.
"Nillkin Case for Apple iPhone 12 / iPhone 12 Pro (6.1"" Inch) Super Frosted Shield Pro Magnetic Hard Back Soft Border (PC + TPU) Cover Raised Bezel Camera Protect with Logo Cut Black","₹3,899.00",3.9 out of 5 stars,In stock.
"for iPhone 14 Pro Max Magnetic Case with Stand,Compatible with MagSafe,Military Grade Protection,CamShield Armor 14 Pro Max 6.7’’, with Slide Camera Cover (for iPhone 14 Pro Max - 6.7- Black)","₹4,999.00",Previous page,Only 2 left in stock.
"Nillkin Tempered Glass for Apple iPhone 12 / Apple iPhone 12 Pro (6.1"" Inch) Amazing H Explosion Proof Screen Protect + Camera Film","₹1,199.00",Previous page,Only 2 left in stock.
Nillkin Tempered Glass for Apple iPhone 7 Plus/iPhone 6S Plus/iPhone 6 Plus Super T+ Pro 0.15mm Thinnest Explosion Proof Screen Protect,₹799.00,Previous page of related Sponsored Products,Only 1 left in stock.
"Nillkin Case for Apple iPhone SE 2022 / Apple iPhone SE2 SE 2 2020 / 7 / 8 (4.7"" Inch) CamShield Armor Military Grade Camera Close & Open Double Layered Protection TPU + PC Finish with Kickstand Dark Green","₹1,999.00",Previous page,Only 2 left in stock.
"Nillkin Compatible for iPhone 12 Pro / 12 Case, Cyclops Case with 2-in-1 Camera Cover & Kickstand, PC & TPU Impact-Resistant Bumpers Protective Case for iPhone 12 Pro / 12 6.1 inch - Black","₹2,999.00",4.4 out of 5 stars,Only 1 left in stock.
"Nillkin Case for Apple iPhone 12 Pro Max (6.7"" Inch) CamShield Silky Soft Liquid Silicon + PC Finish Camera Close & Open Inner Microfiber Lining Pink","₹1,299.00",Previous page of related Sponsored Products,Only 2 left in stock.
"Nillkin Case for Apple iPhone 14 Pro (6.1"" Inch) Adventurer Pro Camshield Camera Slider Military Rugged Grade Finish TPU + PC Tough Black","₹1,250.00",5.0 out of 5 stars,In stock.
"CloudValley for iPhone 12 Pro Case with Camera Cover, with Built-in MagSafe Magnetic Circle Fit for 12 Pro (6.1 inch), Camera Protection Case with Slide Lens Cover, Slim Case (Black)","₹2,999.00",4.3 out of 5 stars,Only 2 left in stock.
"Nillkin Case for Apple iPhone 12 Mini (5.4"" Inch) Tactics TPU Soft Case Shockproof 360 Degree Protect Black","₹1,899.00",Previous page,Only 1 left in stock.
"Nillkin Case for Apple iPhone 14 Pro (6.1"" Inch) Qin Pro Cloth Leather Camshield Camera Slider Flip Folio + Card Slot Grey Color","₹1,999.00",Previous page of related Sponsored Products,Only 2 left in stock.
"Nillkin Case for Apple iPhone 14 Plus (6.7"" Inch) CamShield Silky Soft Liquid Silicon + PC Finish Camera Slider Inner Microfiber Blue","₹2,499.00",Previous page of related Sponsored Products,Only 2 left in stock.
"Nillkin Case for Apple iPhone 12 / iPhone 12 Pro (6.1"" Inch) Super Frosted Shield Pro Hard Back Soft Border (PC + TPU) Shock Absorb Cover Raised Bezel Camera Protect PC with Logo Cut Blue","₹2,199.00",4.7 out of 5 stars,Only 2 left in stock.
"Nillkin for iPhone 14 Plus Case with Slide Camera Cover, [Full Around Protection], [Anti-Fingerprint], [Carbon Fiber Texture Anti-Scratch], Slim Shockproof Protective Case 6.7"", Blue","₹2,999.00",Previous page,Only 1 left in stock.
Apple iPhone 5s (16GB) - Space Grey,"₹11,499.00",Previous page,In stock.
"Nillkin Case for Apple iPhone 14 Pro (6.1"" Inch) Camshield Pro Magnetic Case Works with Magsafe Charger Camera Slider Double Layered Protection TPU + PC Purple Color","₹3,199.00",Previous page of related Sponsored Products,Only 1 left in stock.
"Nillkin Case for Apple iPhone 14 Pro Max (6.7"" Inch) Super Frosted Shield Pro Hard Back Soft Border (PC + TPU) Shock Absorb Cover Raised Bezel Camera Protect PC with Logo Cut Purple Color","₹2,499.00",Previous page of related Sponsored Products,Only 1 left in stock.
"Nillkin Case for Apple iPhone 14 (6.1"" Inch) CamShield Pro Camera Slider Double Layered Protection TPU + PC Purple","₹2,499.00",Previous page,Only 2 left in stock.
"Nillkin Case for Apple iPhone 14 Plus (6.7"" Inch) Qin Pro Camshield Camera Slider Genuine Classic Leather Flip Folio + Card Slot Blue","₹1,799.00",Previous page,Only 2 left in stock.
"Nillkin Armor Case Compatible with iPhone 12 Pro Max Case, [Built in Kickstand & Camera Protector] Shockproof Hard PC & Soft Silicone Bumper Hybrid Cover Phone Case for Phone 12 Pro Max 6.7'' Black","₹1,840.00",4.3 out of 5 stars,Only 2 left in stock.
"Nillkin Case for Apple iPhone 14 Pro Max (6.7"" Inch) Camshield Pro Magnetic Case Works with Magsafe Charger Camera Slider Double Layered Protection TPU + PC Purple Color","₹3,499.00",Previous page,Only 1 left in stock.
5s Gold 16GB - Apple iPhone,"₹11,499.00",Previous page,In stock.
"Nillkin Case for Apple iPhone 13 (6.1"" Inch) CamShield Silky Soft Liquid Silicon + PC Finish Camera Slider Magnetic Works with Magsafe Charger Inside Microfibre Blue","₹3,499.00",Previous page,Only 2 left in stock.
"nm218r0w00 iphone x leather wallet case, rustic brown","₹2,799.00",4.5 out of 5 stars,Only 1 left in stock.
"Nillkin Case for Apple iPhone Xs (5.8"" Inch) Super Frosted Hard Back Cover Hard PC with Logo Cutout Red Color","₹1,189.00",Previous page of related Sponsored Products,Only 2 left in stock.
"Nillkin Case for Apple iPhone 12 / Apple iPhone 12 Pro (6.1"" Inch) CamShield Armor Military Grade Camera Close & Open Double Layered Protection TPU + PC Finish with Kickstand Dark Green","₹2,499.00",Previous page of related Sponsored Products,Only 2 left in stock.
"Nillkin Case for Apple iPhone 11 (6.1"" Inch) CamShield Camera Close & Open Case Protect Pink Color PC Finish","₹2,799.00",Previous page,Only 1 left in stock.
"Nillkin for iPhone 14 Pro Max Magnetic Case with Camera Cover, Compatible with MagSafe, CamShield Pro Magnetic 14 Pro Max 5G Car Mount Case 6.7’’, Built-in Magnet Circle (14 Pro Max-Fancs-Blue)","₹3,999.00",5.0 out of 5 stars,Only 1 left in stock.
"Nillkin Compatible for iPhone 12 Mini Case, Cyclops Case with 2-in-1 Camera Cover & Kickstand, PC & TPU Impact-Resistant Bumpers Protective Case for iPhone 12 Mini 5.4 inch (2020) - Black","₹2,399.00",3.5 out of 5 stars,In stock.
"for iPhone 12 Mini Case, Nillkin CamShield Pro Slim case Protective Cover Camera Protector Hard PC and TPU Ultra Thin Anti-Scratch Phone Case for iPhone 12 Mini 5.4'' (for iPhone 12 Mini)","₹1,499.00",Previous page,Only 1 left in stock.
"VRS Design Case for Apple iPhone Xs (5.8"" Inch) High Pro Shield Metal Lustre Finish Satin Silver Color","₹1,299.00",Previous page of related Sponsored Products,Only 1 left in stock.
"Nillkin Tempered Glass for Apple iPhone 13 / iPhone 13 Pro/iPhone 14 (6.1"" Inch) Amazing H+ Pro Explosion Proof Screen Protect","₹1,299.00",Previous page of related Sponsored Products,Only 2 left in stock.
"iPhone 14 Pro Max Case with Camera Cover,Slim Fit Thin Polycarbonate Protective Shockproof Cover with Slide Camera Cover, Upgraded Case for Apple iPhone 14 Pro Max 2022 (Black)","₹1,499.00",3.8 out of 5 stars,Only 1 left in stock.
"iPhone 13 Pro Max Case with Kickstand & Camera Cover, Nillkin CamShield Armor Case with Slide Lens Cover and Rotate Ring Stand for Men and Women, Military Grade Shockproof Case 6.7 inch, Black","₹1,750.00",4.3 out of 5 stars,In stock.
"Nillkin Tempered Glass for Apple iPhone 12 / Apple iPhone 12 Pro (6.1"" Inch) 3D Guardian Full Coverage Privacy Edge to Edge Glass 0.33mm Black","₹3,999.00",5.0 out of 5 stars,Only 2 left in stock.
"Nillkin Tempered Glass for Apple iPhone 13 Pro Max/iPhone 14 Plus (6.7"" Inch) FogMirror Full Coverage Matte Tempered Glass 0.33mm","₹1,499.00",Previous page,Only 2 left in stock.
"Nillkin Tempered Glass for Apple iPhone 13 / iPhone 13 Pro/iPhone 14 (6.1"" Inch) 3D Guardian Full Coverage Privacy Edge to Edge Glass 0.33mm Black","₹2,999.00",Previous page,Only 2 left in stock.
"Nillkin Case for Apple iPhone 13 Pro (6.1"" Inch) Super Frosted Shield Pro Hard Back Soft Border (PC + TPU) Shock Absorb Cover Raised Bezel Camera Protect PC Without Logo Cut Black","₹1,499.00",4.2 out of 5 stars,Only 2 left in stock.
"Nillkin Tempered Glass for Apple iPhone 12 / Apple iPhone 12 Pro (6.1"" Inch) Amazing H+ Pro Explosion Proof Screen Protect + Camera Film","₹1,399.00",5.0 out of 5 stars,Only 2 left in stock.
"VRS Design Case for Apple iPhone Xs (5.8"" Inch) High Pro Shield Metal Lustre Finish Satin Silver Color","₹1,299.00",Previous page of related Sponsored Products,Only 1 left in stock.
"Nillkin Tempered Glass for Apple iPhone 12 / Apple iPhone 12 Pro (6.1"" Inch) 3D Guardian Full Coverage Privacy Edge to Edge Glass 0.33mm Black","₹3,999.00",5.0 out of 5 stars,Only 2 left in stock.
"Nillkin Case for iPhone 14 Pro Case with Stand, Slide Camera Cover, Military Grade Shockproof Portective Case Compatible with MagSafe Wireless Charger&Magnetic Car Mount Holder,Blue","₹4,999.00",Previous page,Only 1 left in stock.
"Nillkin Case for Apple iPhone 13 (6.1"" Inch) Super Frosted Shield Pro Magnetic Hard Back Soft Border (PC + TPU) Cover Raised Bezel Camera Protect Without Logo Cut Black","₹2,449.00",Previous page,In stock.
"Nillkin Designed for iPhone 14 Plus Case with Camera Cover, Silicone Ultra Slim Shockproof Protective Phone Case, [Microfiber Lining, Slide Camera Protection] 6.7 inch, Black","₹2,499.00",Previous page,Only 1 left in stock.
"Nillkin Case for Apple iPhone 14 Pro (6.1"" Inch) Camshield Pro Magnetic Case Works with Magsafe Charger Camera Slider Double Layered Protection TPU + PC Black","₹2,225.00",Previous page,Only 1 left in stock.
"Nillkin Case for Apple iPhone 12 / Apple iPhone 12 Pro (6.1"" Inch) CamShield Armor Military Grade Camera Protect with Logo Cut Double Layered Protection TPU + PC Finish with Kickstand Black","₹3,299.00",Previous page of related Sponsored Products,Only 2 left in stock.
"Nillkin Case for iPhone 14 Plus Case with Stand, Slide Camera Cover, Military Grade Shockproof Portective Case Compatible with MagSafe Wireless Charger&Magnetic Car Mount Holder,Green","₹3,799.00",Previous page,Only 1 left in stock.
"Nillkin Case for Apple iPhone 14 Pro (6.1"" Inch) CamShield Pro Camera Slider Double Layered Protection TPU + PC Black Color","₹1,225.00",3.3 out of 5 stars,Only 1 left in stock.
"Nillkin Tempered Glass for Apple iPhone Xs (5.8"" Inch) 3D XD CP+ Max Glass 0.1mm Thin Edge Shatter Proof Full Screen Coverage Explosion Proof Screen Protect Black Color","₹1,499.00",Previous page of related Sponsored Products,In stock.
"Nillkin Armor Case Compatible with iPhone 12 Pro Max Case, [Built in Kickstand & Camera Protector] Shockproof Hard PC & Soft Silicone Bumper Hybrid Cover Phone Case for Phone 12 Pro Max 6.7'' Black","₹1,840.00",4.3 out of 5 stars,Only 2 left in stock.
"Nillkin Tempered Glass for Apple iPhone 7 Plus (5.5"" Inch) 3D XD CP+ Max Glass 0.1mm Thin Edge Shaterproof Full Screen Coverage Explosion Proof Screen Protect Black Color","₹1,999.00",Previous page of related Sponsored Products,Only 1 left in stock.
"Nillkin Case for Apple iPhone 12 / Apple iPhone 12 Pro (6.1"" Inch) CamShield Armor Military Grade Camera Close & Open Double Layered Protection TPU + PC Finish with Kickstand Dark Green","₹2,499.00",Previous page,Only 2 left in stock.
"Nillkin Tempered Glass for Apple iPhone 12 / Apple iPhone 12 Pro (6.1"" Inch) CP+ Pro 0.3mm Thin Glass Edge Shaterproof Full Screen Coverage Explosion Proof Screen Protect Black Color","₹1,399.00",Previous page,Only 2 left in stock.
"Nillkin Case for Apple iPhone 13 (6.1"" Inch) Camshield Pro Magnetic Case Works with Magsafe Charger Camera Slider Double Layered Protection TPU + PC Black","₹3,799.00",Previous page,Only 1 left in stock.
"iQOO Neo 6 5G (Dark Nova, 8GB RAM, 128GB Storage) | Snapdragon® 870 5G | 80W FlashCharge","₹29,999.00",4.4 out of 5 stars,In stock.
"Nillkin Designed for iPhone 14 Pro Case with Camera Cover, Silicone Ultra Slim Shockproof Protective Phone Case, [Microfiber Lining, Slide Camera Protection] 6.1 inch, Purple","₹2,499.00",3.3 out of 5 stars,Only 1 left in stock.
"Nillkin Case for Apple iPhone 12 / Apple iPhone 12 Pro (6.1"" Inch) CamShield Armor Military Grade Camera Protect with Logo Cut Double Layered Protection TPU + PC Finish with Kickstand Blue","₹2,499.00",Previous page,Only 2 left in stock.
"Nillkin Case for Apple iPhone 14 Pro Max (6.7"" Inch) Nature TPU Pro Border + PC Back & Impact Resist Edges Soft Flexible Purple Color","₹1,799.00",Previous page,Only 2 left in stock.
"Nillkin Tempered Glass for Apple iPhone 13 Mini (5.4"" Inch) 2 in 1 Full Glass Covers Screen Shatterproof + Camera 360 Protective Film Black Color","₹2,999.00",Previous page,Only 2 left in stock.
"for iPhone 11 Pro Max Case,Nillkin [with Kickstand] Frosted Shield Anti Fingerprints Hard PC Case Back Cover for Apple iPhone 11 Pro Max 6.5 inch -Retail Package (Green)","₹1,199.00",Previous page of related Sponsored Products,Only 2 left in stock.
"CloudValley Magnetic Case for iPhone 14 Pro Case with Slide Camera Cover, [Compatible with MagSafe] Shockproof TPU Bumper Protective Slim Case 6.1 inch 2022 - Black","₹3,999.00",4.0 out of 5 stars,Only 2 left in stock.
"Nillkin Case for iPhone 14 Pro Case with Stand, Slide Camera Cover, Military Grade Shockproof Portective Case Compatible with MagSafe Wireless Charger&Magnetic Car Mount Holder,Black","₹4,999.00",Previous page,Only 2 left in stock.
"Nillkin Case for Apple iPhone 12 / Apple iPhone 12 Pro (6.1"" Inch) Nature Series Back Soft Flexible TPU Blue Color","₹1,099.00",Previous page of related Sponsored Products,Only 2 left in stock.
"Nillkin Case for Apple iPhone 14 Pro Max (6.7"" Inch) CamShield S Type Semi Automatic Spring Metal Camera Slider Wireless Charge TPU + PC Green Color","₹3,799.00",Previous page of related Sponsored Products,"This item will be released on January 5, 2023."
"Nillkin Case for Apple iPhone 14 Pro Max (6.7"" Inch) CamShield S Type Semi Automatic Spring Metal Camera Slider Wireless Charge TPU + PC Purple Color","₹4,499.00",Previous page of related Sponsored Products,"This item will be released on January 5, 2023."
"CloudValley Magnetic Case for iPhone 12 Pro Max 6.7 inch, [Support Magsafe Charger] Camera Protection Case with Slide Camera Cover, Liquid Silicone Gel Full Body Protection Case, (Black)","₹1,999.00",4.2 out of 5 stars,Only 1 left in stock.
"Nillkin Case for Apple iPhone 14 Pro Max (6.7"" Inch) Strap Detachable Rope for Grip & Hold 360 Protect Leisure Sports Workout Metal Casing for Camera Lens Blue","₹5,199.00",Previous page of related Sponsored Products,"This item will be released on January 5, 2023."
"Nillkin Armor Case with Kickstand Stand and Camera Cover, PC and TPU Impact-Resistant Bumpers Protective Case Compatible with iPhone 12 Pro Max 6.7 inch (Green)","₹2,999.00",4.7 out of 5 stars,Only 2 left in stock.
"Nillkin Designed for iPhone 14 Plus Case with Camera Cover, Silicone Ultra Slim Shockproof Protective Phone Case, [Microfiber Lining, Slide Camera Protection] 6.7 inch, Black","₹2,499.00",Previous page of related Sponsored Products,Only 1 left in stock.
"for iPhone 11 pro Case, Nillkin CamShield Armor Case with Slide Camera Cover, PC & TPU Impact-Resistant Bumpers Protective Case with Ring Kickstand for iPhone 11 Pro (Black, iPhone 11 pro 6.1'')","₹1,999.00",Previous page,Only 2 left in stock.
"Nillkin Super Frosted Hard Back Cover PC Case with Logo Cut for Apple iPhone 11 Pro Max (6.5"" Inch) - Gold","₹1,299.00",4.0 out of 5 stars,Only 1 left in stock.
"Nillkin Case for Apple iPhone 14 Pro Max (6.7"" Inch) Strap Detachable Rope for Grip & Hold 360 Protect Leisure Sports Workout Metal Casing for Camera Lens Blue","₹5,199.00",Previous page of related Sponsored Products,"This item will be released on January 5, 2023."
"Nillkin Armor Case with Kickstand Stand and Camera Cover, PC and TPU Impact-Resistant Bumpers Protective Case Compatible with iPhone 12 Pro Max 6.7 inch (Green)","₹2,999.00",4.7 out of 5 stars,Only 2 left in stock.
"Nillkin Designed for iPhone 14 Plus Case with Camera Cover, Silicone Ultra Slim Shockproof Protective Phone Case, [Microfiber Lining, Slide Camera Protection] 6.7 inch, Black","₹2,499.00",Previous page,Only 1 left in stock.
"for iPhone 11 pro Case, Nillkin CamShield Armor Case with Slide Camera Cover, PC & TPU Impact-Resistant Bumpers Protective Case with Ring Kickstand for iPhone 11 Pro (Black, iPhone 11 pro 6.1'')","₹1,999.00",Previous page,Only 2 left in stock.
"Nillkin Super Frosted Hard Back Cover PC Case with Logo Cut for Apple iPhone 11 Pro Max (6.5"" Inch) - Gold","₹1,299.00",4.0 out of 5 stars,Only 1 left in stock.
"Nillkin for iPhone 14 Pro Max Magnetic Case with Magsafe, Sliding Camera Cover, [Full Around Protection], [Anti-Fingerprint], [Anti-Scratch], Slim Shockproof Protective Case 6.7"", Space Black","₹4,199.00",4.6 out of 5 stars,Only 2 left in stock.
"Nillkin Case for Apple iPhone 13 (6.1"" Inch) Synthetic Aramid Carbon Fiber Tough Waterproof Light Weight Black Color","₹2,199.00",Previous page,Only 1 left in stock.
"Vitodo Slide Cover Camera Lens Protective Case Compatible with iPhone 11 Pro (2019) 5.8 inch, Both Sides Non-Slip Design Anti-Scratch Full Body Protection Phone Case (Pink, for iPhone 11 Pro)","₹2,499.00",Previous page of related Sponsored Products,Only 1 left in stock.
"Nillkin Tempered Glass for Apple iPhone 8 Plus (5.5"" Inch) 3D XD CP+ Max Glass 0.1mm Thin Edge Shatterproof Full Screen Coverage Explosion Proof Screen Protect Black Color","₹1,999.00",Previous page,Only 1 left in stock.
"Nillkin Case for iPhone 14 Plus Case with Stand, Slide Camera Cover, Military Grade Shockproof Portective Case Compatible with MagSafe Wireless Charger&Magnetic Car Mount Holder,Green","₹3,799.00",Previous page of related Sponsored Products,Only 1 left in stock.
"Nillkin Case for Apple iPhone 12 Pro Max (6.7"" Inch) CamShield Pro Camera Close & Open Double Layered Protection TPU + PC Dark Green Color","₹2,999.00",Previous page of related Sponsored Products,Only 1 left in stock.
"Nillkin Case for Apple iPhone 13 (6.1"" Inch) CamShield Silky Soft Liquid Silicon + PC Finish Camera Slider Magnetic Works with Magsafe Charger Inside Microfibre Blue","₹3,499.00",Previous page of related Sponsored Products,Only 2 left in stock.
"Nillkin Case for Apple iPhone 13 Pro (6.1"" Inch) Qin Pro Camshield Camera Slider Genuine Classic Leather Flip Folio + Card Slot Black Color","₹1,799.00",1.0 out of 5 stars,Only 2 left in stock.
"Vitodo Slide Cover Camera Lens Protective Case Compatible with iPhone 11 Pro Max (2019) 6.5 inch, Both Sides Non-Slip Design Anti-Scratch Full Body Protection Case (Pink, for iPhone 11 Pro Max)","₹2,899.00",Previous page of related Sponsored Products,Only 1 left in stock.
"Nillkin Super Frosted Hard Back Cover PC Case with Logo Cut for Apple iPhone 11 Pro Max (6.5"" Inch) - Mint Green","₹1,199.00",Previous page,Only 2 left in stock.
"Nillkin iPhone 14 Pro Case Compatible with Magsafe, Silicone Magnetic Case with Slide Camera Cover, Slim CamShield Silky Case for iPhone 14 Pro 6.1 inch, Black","₹3,499.00",3.8 out of 5 stars,Only 2 left in stock.
"Nillkin Case for Apple iPhone 12 / Apple iPhone 12 Pro (6.1"" Inch) Flex Pure Pro Magsafe Cover Case Liquid Silicon Magnetic Function Anti Finger Print with Inner Microfibre Blue Color","₹3,799.00",Previous page of related Sponsored Products,Only 2 left in stock.
"Nillkin for iPhone 14 Pro Max Magnetic Case Compatible with Magsafe, Sliding Camera Cover, [Full Around Protection], [Anti-Fingerprint], [Anti-Scratch], Slim Shockproof Protective 6.7"", Deep Purple","₹3,999.00",5.0 out of 5 stars,Only 2 left in stock.
"Nillkin Case for Apple iPhone 14 Pro Max (6.7"" Inch) Strap Detachable Rope for Grip & Hold Magnetic Works with Magsafe 360 Protect Leisure Sports Workout Metal Casing for Camera Lens Black","₹6,499.00",Previous page,In stock.
Otterbox iPhone X Symmetry Clear Graphic Series Case With Drop/Shock Protection (77-57123) Easy Breezy Clear ( Transparent/ Leaves),Page 1 of 1,4.6 out of 5 stars,
"Nillkin Case for Apple iPhone 12 / Apple iPhone 12 Pro (6.1"" Inch) CamShield Armor Military Grade Camera Close & Open Double Layered Protection TPU + PC Finish with Kickstand Dark Green","₹2,499.00",Previous page of related Sponsored Products,Only 2 left in stock.
"for iPhone 11 pro Case, Nillkin CamShield Armor Case with Slide Camera Cover, PC & TPU Impact-Resistant Bumpers Protective Case with Ring Kickstand for iPhone 11 Pro (Green, iPhone 11 pro 6.1'')","₹2,999.00",5.0 out of 5 stars,Only 1 left in stock.
"Nillkin Compatible with Case iPhone 12/12 Pro 6.1 inch - Armor Case with Kickstand Stand and Camera Cover, PC & TPU Impact-Resistant Bumpers Protective Case, Blue","₹3,499.00",4.4 out of 5 stars,Only 1 left in stock.
"Nillkin Case for Apple iPhone 11 Pro (5.8"" Inch) Qin Genuine Classic Leather Flip Folio Brown Color + Card Slot","₹1,299.00",Previous page,Only 1 left in stock.
"Nillkin Case for Apple iPhone 12 Mini (5.4"" Inch) Super Frosted Shield Pro Hard Back Soft Border (PC + TPU) Shock Absorb Cover Raised Bezel Camera Protect PC with Logo Cut Black","₹1,915.00",2.9 out of 5 stars,In stock.
Otterbox Symmetry Series Apple iPhone X Case Sleek Protection(77-57082) Drop And Shock Protection Case (Fine Port),Page 1 of 1,4.7 out of 5 stars,
"Nillkin Case for Apple iPhone 13 Pro Max (6.7"" Inch) CamShield Leather Camera Slider Protect Without Logo Cut Leather + PC + TPU Black Color","₹1,798.40",5.0 out of 5 stars,Only 2 left in stock.
"Mangix Compatible for iPhone 12 Pro Max Case, CamShield Armor with Slide Metal Camera Cover Impact-Resistant Bumpers Protective with Ring Kickstand for Apple iPhone 12 Pro Max 6.7"" (Green)","₹3,499.00",4.0 out of 5 stars,
"Nillkin Compatible with iPhone 13 Pro Case, CamShield Armor Case with Kickstand & Camera Cover, Military Grade Case with Slide Lens Cover and Rotate Ring Stand for Men and Women, Green","₹2,025.00",4.2 out of 5 stars,Only 2 left in stock.
"Nillkin iPhone 11 Pro Max Case Camshield Armor Case with Slide Camera Cover & Ring Kickstand, Impact Resistant Bumpers Protective Case for iPhone 11 Pro Max - Dark Green","₹3,499.00",4.9 out of 5 stars,Only 2 left in stock.
"Nillkin for iPhone 14 Pro Max Magnetic Case with Camera Cover, Compatible with MagSafe, CamShield Pro Magnetic 14 Pro Max 5G Car Mount Case 6.7’’, Built-in Magnet Circle (14 Pro Max-Blue)","₹2,999.00",5.0 out of 5 stars,Only 1 left in stock.
"Nillkin Case for Apple iPhone 13 Pro Max (6.7"" Inch) Nature TPU Pro Back Soft Flexible White Color","₹1,299.00",5.0 out of 5 stars,Only 2 left in stock.
"iQOO Neo 6 5G (Dark Nova, 8GB RAM, 128GB Storage) | Snapdragon® 870 5G | 80W FlashCharge","₹29,999.00",4.4 out of 5 stars,In stock.
"Nillkin Case for Apple iPhone 12 Mini (5.4"" Inch) Cyclops Metal Stand Camera Protect Case Soft TPU Edge + Translucent PC Hard Back Red Color","₹1,499.00",Previous page,Only 1 left in stock.
"Nillkin [Camera Protective & Magnetic] Designed for iPhone 12 Pro Max Case, Liquid Silicone Case Compatible with MagSafe Shockproof Anti-Scratch Thin Phone Case for 12 Pro Max Case 6.7 inch Black","₹1,999.00",4.3 out of 5 stars,Only 1 left in stock.
"Nillkin Case for Apple iPhone 12 Pro Max (6.7"" Inch) Cyclops Metal Stand Camera Protect Case Soft TPU Edge + Translucent PC Hard Back Dark Green Color","₹2,999.00",4.4 out of 5 stars,Only 2 left in stock.
"Nillkin Compatible with Case iPhone 12 Pro Max 6.7 inch, with Kickstand Rotatable Slide Camera Protect Cover, Slim Hard PC + TPU Shockproof Protective Case 6.7"" (for iPhone 12 Pro Max(6.7''), Blue)","₹3,499.00",4.7 out of 5 stars,Only 2 left in stock.
"Nillkin Case for Apple iPhone 14 Pro (6.1"" Inch) Adventurer Pro Camshield Camera Slider Military Rugged Grade Finish TPU + PC Tough Black","₹1,250.00",5.0 out of 5 stars,In stock.
"Nillkin Case for Apple iPhone 11 (6.1"" Inch) CamShield Camera Close & Open Case Protect Black Color PC Finish",₹999.00,1.0 out of 5 stars,In stock.
"Nillkin Case for Apple iPhone SE 2022 / Apple iPhone SE2 SE 2 2020/8 (4.7"" Inch) Super Frosted Hard Back Cover PC with Logo Cut Gold Color","₹1,199.00",5.0 out of 5 stars,Only 1 left in stock.
"Nillkin Case for Apple iPhone 13 Pro (6.1"" Inch) Adventurer Military Rugged Grade Finish Camshield Camera Slider TPU + PC Impact Resist Anti Shock Tough Black","₹1,812.00",Previous page,Only 2 left in stock.
"Nillkin Case for Apple iPhone 14 Pro Max (6.7"" Inch) CamShield S Type Semi Automatic Spring Metal Camera Slider Wireless Charge TPU + PC Green","₹3,799.00",Previous page of related Sponsored Products,"This item will be released on January 5, 2023."
"Nillkin Case for Apple iPhone 14 Pro Max (6.7"" Inch) CamShield S Type Semi Automatic Spring Metal Camera Slider Wireless Charge TPU + PC Purple","₹4,499.00",Previous page of related Sponsored Products,"This item will be released on January 5, 2023."
"Nillkin Case for Apple iPhone 7 Plus (5.5"" Inch) Super Frosted Hard Back Logo Cut Cover PC White Color",Page 1 of 1,Previous page of related Sponsored Products,
"Nillkin Tempered Glass for Apple iPhone 12 / Apple iPhone 12 Pro (6.1"" Inch) Amazing H Explosion Proof Screen Protect + Camera Film","₹1,199.00",5.0 out of 5 stars,Only 2 left in stock.
"Nillkin Case for Apple iPhone 12 Pro Max (6.7"" Inch) Qin Genuine Classic Leather Flip Folio + Card Slot Red Color","₹1,599.00",Previous page,Only 2 left in stock.
"Nillkin Case for Apple iPhone 12 Mini (5.4"" Inch) Qin Genuine Classic Leather Flip Folio + Card Slot Red Color","₹1,499.00",Previous page,Only 2 left in stock.
"Nillkin Compatible with Case iPhone 12 Pro Max 6.7 inch - CamShield Case with Camera Cover and Kickstand Stand, PC & TPU Impact - Resistant Bumpers Protective Case, Black","₹1,999.00",4.1 out of 5 stars,Only 1 left in stock.
"for iPhone 12 Pro Case, Nillkin CamShield Pro Slim case Protective Cover Case with Camera Protector Hard PC and TPU Ultra Thin Anti-Scratch Phone Case for iPhone 12 6.1''(for iPhone 12/iPhone 12pro)","₹1,499.00",Previous page,Only 2 left in stock.
"Nillkin Case for Apple iPhone 14 Pro Max (6.7"" Inch) Strap Detachable Rope for Grip & Hold Magnetic Works with Magsafe 360 Protect Leisure Sports Workout Metal Casing for Camera Lens Black","₹6,499.00",Previous page,In stock.
"Nillkin Case for Apple iPhone 12 Mini (5.4"" Inch) Cyclops Metal Stand Camera Protect Case Soft TPU Edge + Translucent PC Hard Back Blue Color","₹2,499.00",Previous page of related Sponsored Products,Only 1 left in stock.
"Nillkin Case for Apple iPhone 11 Pro (5.8"" Inch) Super Frosted Hard Back Cover PC Without Logo Cut Mint Green Color","₹1,199.00",Previous page of related Sponsored Products,Only 2 left in stock.
"Nillkin Case forApple iPhone 13 Pro (6.1"" Inch) Qin Pro Plain Leather Camshield Camera Slider Flip Folio + Card Slot Green Color","₹1,499.00",Previous page of related Sponsored Products,Only 2 left in stock.
"Nillkin Case for Apple iPhone 12 Pro Max (6.7"" Inch) CamShield Silky Soft Liquid Silicon + PC Finish Camera Close & Open Inner Microfiber Lining Black","₹3,499.00",Previous page of related Sponsored Products,Only 2 left in stock.
"Nillkin Case for Apple iPhone 14 Plus (6.7"" Inch) CamShield Silky Soft Liquid Silicon + PC Finish Camera Slider Inner Microfiber Dark Purple","₹2,499.00",Previous page,Only 2 left in stock.
"Nillkin Case for Apple iPhone 14 Pro (6.1"" Inch) Adventurer Pro Camshield Camera Slider Military Rugged Grade Finish TPU + PC Tough Blue","₹1,250.00",Previous page of related Sponsored Products,Only 1 left in stock.
"Nillkin Case for Apple iPhone 14 Pro Max (6.7"" Inch) CamShield Armor Pro Camera Slider Magnetic Works with Magsafe Military 180° Rotate Ring Kick Stand Wireless Charging + PC Black","₹4,999.00",Previous page of related Sponsored Products,Only 2 left in stock.
"Nillkin Case for Apple iPhone 14 Plus (6.7"" Inch) Strap Detachable Rope for Grip & Hold 360 Protect Leisure Sports Workout Metal Casing for Camera Lens Black","₹3,799.00",Previous page,Only 2 left in stock.
"Nillkin Tempered Glass for Apple iPhone 11 Pro (5.8"" Inch) Amazing H+ Pro Explosion Proof Screen Protect + Camera Film","₹1,299.00",Previous page,Only 2 left in stock.
"Nillkin Case for Apple iPhone 14 Plus (6.7"" Inch) Adventurer Pro Camshield Camera Slider Military Rugged Grade Finish TPU + PC Tough Red Color","₹2,999.00",Previous page of related Sponsored Products,Only 1 left in stock.
"Nillkin Case for Apple iPhone 14 (6.1"" Inch) Nature TPU Pro Border + PC Back & Impact Resist Edges Soft Flexible Purple","₹1,199.00",Previous page of related Sponsored Products,Only 2 left in stock.
"Nillkin Case for Apple iPhone 14 Plus (6.7"" Inch) Nature TPU Pro Border + PC Back & Impact Resist Edges Soft Flexible Purple Color","₹1,199.00",Previous page of related Sponsored Products,Only 1 left in stock.
"Nillkin Case for Apple iPhone 14 Pro Max (6.7"" Inch) CamShield Leather S Magnetic Works with Magsafe Semi Automatic Spring Metal Camera Slider Protect Blue Color","₹6,199.00",Previous page,Only 2 left in stock.
"Nillkin Case for Apple iPhone 14 Plus (6.7"" Inch) Nature TPU Pro Border + PC Back & Impact Resist Edges Soft Flexible Purple","₹1,199.00",Previous page of related Sponsored Products,Only 2 left in stock.
"Nillkin Case for Apple iPhone 14 Pro (6.1"" Inch) CamShield Pro Camera Slider Double Layered Protection TPU + PC Blue Color","₹1,499.00",Previous page,Only 1 left in stock.
"Nillkin Compatible with Silicone Case iPhone 12 Pro Max 6.7 inch, CamShield Liquid Silicone Case with Slide Camera Cover, Slim Protective Case, Blue","₹3,499.00",4.3 out of 5 stars,Only 2 left in stock.
"Nillkin Case for Apple iPhone 12 / Apple iPhone 12 Pro (6.1"" Inch) CamShield Armor Military Grade Camera Protect with Logo Cut Double Layered Protection TPU + PC Finish with Kickstand Black","₹3,299.00",Previous page,Only 2 left in stock.
"Nillkin Case for Apple iPhone 13 Pro Max (6.7"" Inch) Qin Pro Camshield Camera Slider Genuine Classic Leather Flip Folio + Card Slot Black Color","₹1,799.00",3.7 out of 5 stars,Only 2 left in stock.
"Nillkin Case for Apple iPhone 14 Pro Max (6.7"" Inch) CamShield Leather S Magnetic Works with Magsafe Semi Automatic Spring Metal Camera Slider Protect Blue Color","₹6,199.00",Previous page of related Sponsored Products,Only 2 left in stock.
"Nillkin Case for Apple iPhone 14 Pro Max (6.7"" Inch) CamShield S Type Magnetic Works with Magsafe Semi Automatic Spring Metal Camera Slider TPU + PC Black","₹4,499.00",Previous page of related Sponsored Products,"This item will be released on January 5, 2023."
"Nillkin Case for Apple iPhone 13 (6.1"" Inch) CamShield Armor Military Grade Camera Slider Protect Without Logo Cut Double Layered Protection TPU + PC Finish with Kickstand Green","₹1,935.00",Previous page of related Sponsored Products,Only 2 left in stock.
"Nillkin Compatible with Case iPhone 12 Mini 5.4 inch - Armor Case with Kickstand Stand and Camera Cover, PC & TPU Impact-Resistant Bumpers Protective Case (Blue)","₹2,499.00",2.9 out of 5 stars,Only 1 left in stock.
"Nillkin Tempered Glass for Apple iPhone 12 / Apple iPhone 12 Pro (6.1"" Inch) CP+ Pro 0.3mm Thin Glass Edge Shaterproof Full Screen Coverage Explosion Proof Screen Protect Black Color","₹1,399.00",Previous page of related Sponsored Products,Only 2 left in stock.
"Nillkin CamShield Pro Slim Case Compatible with iPhone 14 Pro Max Case, Protective Cover Case with Camera Protector for 14 Pro Max Hard PC and TPU Phone Case for Phone 14 Pro Max 6.7'' Green","₹2,499.00",Previous page,Only 2 left in stock.
"Nillkin Case for Apple iPhone 12 Pro Max (6.7"" Inch) CamShield Pro Camera Close & Open Double Layered Protection TPU + PC Dark Green Color","₹2,999.00",Previous page,Only 1 left in stock.
"Nillkin Case for Apple iPhone 13 Mini (5.4"" Inch) Super Frosted Shield Pro Magnetic Hard Back Soft Border (PC + TPU) Cover Raised Bezel Camera Protect Without Logo Cut Black","₹2,499.00",Previous page,Only 1 left in stock.
Nokia 2660 4G Flip Smartphone Black,"₹4,999.00",3.2 out of 5 stars,In stock.
"Nillkin Case for Apple iPhone 12 Pro Max (6.7"" Inch) CamShield Silky Soft Liquid Silicon + PC Finish Camera Close & Open Magnetic Works with Magsafe Charger Inside Microfible Lining Green","₹3,499.00",Previous page of related Sponsored Products,Only 2 left in stock.
"CloudValley Compatible with iPhone 12 Pro Max Case with Camera Cover & Kickstand, Slide Lens Cover + Built-in 360° Rotate Ring Stand, Black Armor Style, Impact-Resistant, Shockproof, Full Protect","₹2,799.00",4.3 out of 5 stars,Only 1 left in stock.
"Nillkin Case for Apple iPhone 12 Pro Max (6.7"" Inch) CamShield Slider Camera Armor Military Grade Camera Protect with Logo Cut Double Layered Protection TPU + PC Kickstand Dark Green","₹2,999.00",Previous page,Only 2 left in stock.
Santa Barbara Polo Jockey Series Luxury Leather Back Cover for Apple iPhone 11 Pro (5.8) - Black,"₹1,349.00",Previous page,Only 1 left in stock.
"iQOO Neo 6 5G (Dark Nova, 8GB RAM, 128GB Storage) | Snapdragon® 870 5G | 80W FlashCharge","₹29,999.00",4.4 out of 5 stars,In stock.
"Nillkin CamShield Pro Slim Case Compatible with iPhone 14 Pro Max Case, Protective Cover Case with Camera Protector for 14 Pro Max Hard PC and TPU Phone Case for Phone 14 Pro Max 6.7'' Green","₹2,499.00",Previous page of related Sponsored Products,Only 2 left in stock.
"Nillkin Case for Apple iPhone 13 Mini (5.4"" Inch) Super Frosted Shield Pro Magnetic Hard Back Soft Border (PC + TPU) Cover Raised Bezel Camera Protect Without Logo Cut Black","₹2,499.00",Previous page,Only 1 left in stock.
"CloudValley Compatible with iPhone 12 Pro Max Case with Camera Cover & Kickstand, Slide Lens Cover + Built-in 360° Rotate Ring Stand, Black Armor Style, Impact-Resistant, Shockproof, Full Protect","₹2,799.00",4.3 out of 5 stars,Only 1 left in stock.
"Nillkin Case for Apple iPhone 12 Pro Max (6.7"" Inch) CamShield Slider Camera Armor Military Grade Camera Protect with Logo Cut Double Layered Protection TPU + PC Kickstand Dark Green","₹2,999.00",Previous page,Only 2 left in stock.
Santa Barbara Polo Jockey Series Luxury Leather Back Cover for Apple iPhone 11 Pro (5.8) - Black,"₹1,349.00",Previous page,Only 1 left in stock.
"Nillkin Case for Apple iPhone 14 Pro (6.1"" Inch) Qin Pro Cloth Leather Camshield Camera Slider Flip Folio + Card Slot Grey Color","₹1,999.00",Previous page,Only 2 left in stock.
"Nillkin Case for Apple iPhone 14 Pro Max (6.7"" Inch) CamShield S Type Magnetic Works with Magsafe Semi Automatic Spring Metal Camera Slider TPU + PC Green Color","₹4,799.00",Previous page of related Sponsored Products,"This item will be released on January 5, 2023."
"Nillkin Case for Apple iPhone 14 Plus (6.7"" Inch) CamShield Pro Camera Slider Double Layered Protection TPU + PC Green Color","₹1,395.00",Previous page,In stock.
"Nillkin Flex Pure Case, Liquid Silicone Finish Anti Finger Print with Inner Microfibre Case for Apple iPhone 12 Pro Max (6.7"" inches) - Black",₹749.00,Previous page of related Sponsored Products,
"Nillkin Tempered Glass for Apple iPhone 8 Plus (5.5"" Inch) 3D XD CP+ Max Glass 0.1mm Thin Edge Shaterproof Full Screen Coverage Explosion Proof Screen Protect Black Color","₹1,999.00",5.0 out of 5 stars,Only 1 left in stock.
"Nillkin Case for Apple iPhone 13 (6.1"" Inch) Adventurer Military Rugged Grade Finish Camshield Camera Slider TPU + PC Impact Resist Anti Shock Tough Black","₹3,499.00",Previous page,Only 2 left in stock.
Nokia 2660 4G Flip Smartphone Black,"₹4,999.00",3.2 out of 5 stars,In stock.
"Nillkin Case for Apple iPhone 12 Pro Max (6.7"" Inch) Textured Series Nylon Fiber Tough & Durable PC + TPU Material Luxury Protect Black","₹1,799.00",Previous page,Only 2 left in stock.
"Compatible for iPhone 12 Mini (5.4 inch) Case with Camera Cover,Liquid Silica Soft Shockproof Cover Protective with Slide Camera Cover, Upgraded Case Black","₹1,499.00",4.8 out of 5 stars,In stock.
"Nillkin Case for iPhone 14 Pro Case with Stand, Slide Camera Cover, Military Grade Shockproof Portective Case Compatible with MagSafe Wireless Charger&Magnetic Car Mount Holder,Blue","₹4,999.00",Previous page,Only 1 left in stock.
"Nillkin Case for Apple iPhone 14 Pro Max (6.7"" Inch) CamShield S Type Magnetic Works with Magsafe Semi Automatic Spring Metal Camera Slider TPU + PC Purple Color","₹4,799.00",Previous page of related Sponsored Products,"This item will be released on January 5, 2023."
"Nillkin Tempered Glass for Apple iPhone 11 (6.1"" Inch) Amazing H Explosion Proof Screen Protect + Camera Film","₹1,499.00",1.0 out of 5 stars,Only 2 left in stock.
"Nillkin Case for Apple iPhone 14 Pro (6.1"" Inch) Super Frosted Shield Pro Hard Back Soft Border (PC + TPU) Shock Absorb Cover Raised Bezel Camera Protect PC with Logo Cut Purple",₹999.00,Previous page of related Sponsored Products,Only 1 left in stock.
"Nillkin Case for Apple iPhone 13 Pro Max (6.7"" Inch) CamShield Pro Camera Slider Double Layered Protection TPU + PC Black Color","₹1,155.00",4.2 out of 5 stars,In stock.
"Nillkin Case for Apple iPhone 11 Pro (5.8"" Inch) Flex Pure Case Liquid Silicon Finish Anti Finger Print with Inner Microfibre Green Color","₹2,199.00",Previous page of related Sponsored Products,Only 1 left in stock.
"Nillkin Case for Apple iPhone 14 Pro Max (6.7"" Inch) CamShield S Type Magnetic Works with Magsafe Semi Automatic Spring Metal Camera Slider TPU + PC Blue Color","₹4,499.00",Previous page of related Sponsored Products,"This item will be released on January 5, 2023."
"Nillkin Compatible with Case iPhone 12 Pro Max 6.7 inch - Armor Case with Kickstand Stand and Camera Cover, PC & TPU Impact-Resistant Bumpers Protective Case, Black","₹2,999.00",2.8 out of 5 stars,Only 2 left in stock.
"Nillkin Case for Apple iPhone 13 Pro Max (6.7"" Inch) Nature TPU Pro Back Soft Flexible White Color","₹1,299.00",1.0 out of 5 stars,Only 2 left in stock.
"Nillkin Case for Apple iPhone 14 Pro (6.1"" Inch) Nature TPU Pro Border + PC Back & Impact Resist Edges Soft Flexible White Color","₹1,499.00",Previous page of related Sponsored Products,Only 1 left in stock.
"Nillkin Case for Apple iPhone 12 Pro Max (6.7"" Inch) Synthetic Aramid Carbon Fiber Tough Waterproof Light Weight Black Color","₹2,499.00",Previous page,Only 2 left in stock.
"Nillkin Case for Apple iPhone 14 Pro Max (6.7"" Inch) CamShield S Type Magnetic Works with Magsafe Semi Automatic Spring Metal Camera Slider TPU + PC Blue","₹4,499.00",Previous page of related Sponsored Products,"This item will be released on January 5, 2023."
"Nillkin Compatible with Silicone Case iPhone 12 Pro Max 6.7 inch, CamShield Liquid Silicone Case with Slide Camera Cover, Slim Protective Case, Blue","₹3,499.00",4.3 out of 5 stars,Only 2 left in stock.
"for iPhone 11 Pro Max Case, Nillkin CamShield Armor Case with Slide Camera Cover, PC & TPU Impact-Resistant Bumpers Protective Case with Ring Kickstand (Black, iPhone 11 pro Max 6.5'')","₹1,999.00",Previous page of related Sponsored Products,Only 2 left in stock.
Nillkin Case for Apple iPhone 11 Pro Max (6.5 inches) CamShield Camera Close & Open Case Protect Dark Green Color Polycarbonate Finish,"₹2,199.00",Previous page,Only 2 left in stock.
"Nillkin Case for Apple iPhone 13 (6.1"" Inch) CamShield Silky Soft Liquid Silicon + PC Finish Camera Slider Magnetic Works with Magsafe Charger Inside Microfibre Black","₹3,499.00",Previous page,Only 2 left in stock.
"Nillkin Case for Apple iPhone 11 Pro Super Frosted Hard Back Cover PC Without Logo Cut (5.8"" Inch, Red Color)",₹999.00,Previous page of related Sponsored Products,Only 1 left in stock.
"Nillkin Case for Apple iPhone 14 Plus (6.7"" Inch) CamShield Pro Camera Slider Double Layered Protection TPU + PC Black Color","₹1,396.00",Previous page,In stock.
"Nillkin Case for Apple iPhone 14 Pro Max (6.7"" Inch) Synthetic Fiber S Camshield Camera Semi Automatic Aramid Carbon Tough Waterproof Light Weight Protect Black","₹4,199.00",Previous page of related Sponsored Products,Only 1 left in stock.
"Nillkin Case for Apple iPhone 13 Mini (5.4"" Inch) Camshield Pro Magnetic Case Works with Magsafe Charger Camera Slider Double Layered Protection TPU + PC Black","₹2,999.00",5.0 out of 5 stars,Only 2 left in stock.
